0,1,2,3,4,5,6,7,8,9,10,11,12,13,14,15,16,17,18,19,20,21,22,23,24,25,26,27,28,29,30,31,32,33,34,35,36,37,38,39,40,41,42,43,44,45,46,47,48,49,50,51,52,53,54,55,56,57,58,59,60,61,62,63,64,65,66,67,68,69,70,71,72,73,74
-0.8103589965097785,-0.6365430945581054,0.0,-0.24586094668233674,-0.4823291141675545,-0.6724276264848655,0.3126697338621105,1.1466701345856052,0.048253402163594625,-0.695892054634258,-0.6936228754929276,1.2200376135803241,-0.5156678859134256,0.4155059846518677,-0.02413114083331706,1.0789876475919722,-0.4047553249339685,-0.5961505580090741,1.4475129331393402,2.273121649126709,0.0969964795780284,-0.9600593556209386,-1.3544446755788866,2.109014902682568,-1.2977141666012213,-1.225335212809747,0.8365819028831863,2.096531904776183,-0.5159207456133977,-0.12247491482470917,0.0,1.0,1.0,0.0,1.0,0.0,0.0,0.0,0.0,0.0,0.0,0.0,1.0,1.0,1.0,0.0,0.0,0.0,0.0,0.0,0.0,0.0,0.0,0.0,0.0,0.0,0.0,0.0,0.0,0.0,0.0,0.0,0.0,0.0,0.0,0.0,0.0,0.0,0.0,0.0,0.0,0.0,0.0,0.0,0.0
-2.268204176392279,-0.6365430945581054,0.0,-0.24586094668233674,-0.4823291141675545,-0.6724276264848655,0.4676797290395221,0.6821550375721731,-1.0577442318063248,0.045320701037105074,-0.552593004424962,-0.09514123263830966,-1.3920463146144655,0.30605434791646674,-0.4751444758969292,0.43242398680702615,-0.04450995462692563,1.3177108370627404,0.45105800156885695,-0.424740320317651,0.13776008629724287,0.20022310081589442,0.47272040043552305,-0.4897004506433033,-0.13368137296694454,0.6710103415025025,0.8776754478874755,-0.19459928363071383,-0.0019152660914342832,0.023532298044922184,0.0,1.0,1.0,0.0,1.0,0.0,0.0,0.0,0.0,0.0,0.0,0.0,1.0,1.0,1.0,0.0,0.0,0.0,0.0,0.0,0.0,0.0,0.0,0.0,0.0,0.0,0.0,0.0,0.0,0.0,0.0,0.0,0.0,0.0,0.0,0.0,0.0,0.0,0.0,0.0,0.0,0.0,0.0,0.0,0.0
1.064013377624865,1.3153138636937753,0.0,-0.24586094668233674,-0.4823291141675545,0.07684887159827036,0.2609997354696476,-0.18353218868013196,-0.11158213099545694,-0.011695664783768999,0.27595748809933623,-0.3917612520091476,-0.6415011291703727,-0.0765612887166348,-0.18649594145621717,-0.4296608942395687,0.29807632890035995,0.4812825236609844,0.3744076222172905,-0.9822984606694855,-0.9302464097461779,0.14220897799405277,1.3984840389494906,-0.07563641099328341,-0.13497474273764906,1.8779259950752507,0.1854072666613674,-0.7673820807324381,-0.0348318731544178,0.5971320628899025,0.0,1.0,1.0,0.0,1.0,0.0,0.0,0.0,0.0,0.0,0.0,0.0,1.0,1.0,1.0,0.0,0.0,0.0,0.0,1.0,0.0,1.0,0.0,0.0,0.0,1.0,2.0,0.0,0.0,0.0,0.0,0.0,0.0,0.0,0.0,0.0,0.0,1.0,0.0,0.0,0.0,1.0,0.0,0.0,0.0
-0.8103589965097785,-0.3925609747766203,0.0,-0.24586094668233674,1.8328506338367068,2.4317178655738405,0.10598974029223598,-0.2046465112716516,1.0811604154426917,0.36841344068872484,-0.02373098792009076,-0.5149443592272026,0.36182411131201225,0.8468012444222439,-0.8299416328136374,-1.1839851651553392,1.5324464948053753,-0.12831777254707502,-2.844908310548858,-1.8815857838176053,2.294154881743692,4.365637119424125,0.9234211191857441,-2.0918810816771494,2.7751072413480427,2.4879970583195576,-1.5089112042847255,-1.3401648778341622,0.1753280027092425,4.60190133017122,0.0,1.0,1.0,0.0,1.0,0.0,0.0,0.0,0.0,0.0,0.0,0.0,1.0,1.0,1.0,0.0,0.0,0.0,1.0,2.0,0.0,0.0,0.0,0.0,0.0,1.0,1.0,3.0,2.0,1.0,1.0,1.0,3.0,3.0,2.0,1.0,1.0,0.0,1.0,1.0,0.0,1.0,1.0,0.0,2.0
1.2722769747509366,3.511152941727141,0.0,-0.24586094668233674,-0.4823291141675545,1.5754018677645423,0.20932973707717323,-0.7536188986511622,-0.6256260567331102,-0.4678265913507616,0.7871907707207118,0.44110363709202793,-1.1414933966249687,-3.3427469583220573,-0.43004314239056846,0.5401845969378505,-0.25641899598400963,0.311161510765712,-1.4652014822205088,-0.9103554748176358,-0.12312699670573012,0.7223502062124693,0.38745269688818396,-0.4039521140739895,3.9391400349823193,-0.44497331077366875,-1.0189497061566584,-0.7673820807324381,0.10949478858327638,-0.5187802068994228,0.0,1.0,1.0,0.0,1.0,0.0,0.0,0.0,0.0,0.0,0.0,0.0,1.0,1.0,1.0,0.0,0.0,0.0,0.0,2.0,0.0,0.0,0.0,0.0,0.0,1.0,1.0,0.0,1.0,0.0,0.0,0.0,2.0,1.0,1.0,1.0,2.0,2.0,2.0,2.0,1.0,0.0,0.0,1.0,1.0
1.064013377624865,3.267170821945656,0.0,-0.24586094668233674,-0.4823291141675545,-0.24426962758021645,0.5710197258244594,-0.14130354349709268,0.04745020852962956,0.235375253773352,-0.3763056655900049,0.35224020153671465,-0.13928172466698166,-0.3143783011133843,-0.1323743412485838,0.001381546283728704,0.11971955242481451,-0.2842620343677414,0.22110686351414055,-0.2808543486139518,0.021583807147481485,-0.3799181274025221,-0.0023425193282234423,1.3782227730017493,-0.7169911395547874,0.21965695324858428,0.1696020570443327,0.9509663105727346,-0.2677801692924499,-0.24762395442725033,0.0,1.0,1.0,0.0,1.0,0.0,0.0,0.0,0.0,0.0,0.0,0.0,1.0,1.0,1.0,0.0,0.0,0.0,0.0,1.0,0.0,0.0,0.0,0.0,0.0,0.0,0.0,0.0,0.0,0.0,0.0,0.0,0.0,0.0,0.0,1.0,0.0,0.0,0.0,0.0,0.0,2.0,0.0,0.0,0.0
0.3350907876836148,0.5833675043493202,0.0,-0.24586094668233674,-0.4823291141675545,-0.458348627032541,-0.8757402291646622,0.048725359826584054,-0.6424931230463768,-0.41081022552988755,-0.09424592345407358,-1.0076767880994213,-0.6403875606459751,-0.16244826711806848,-0.04517842980295238,0.001381546283728704,-0.7508734258172061,-0.8088018241281646,-1.0819495854626424,0.834261932089717,0.48628892374652716,-1.0296763030071485,-0.294688931490529,-0.7971584502341766,-0.13368137296694454,-0.7095027690909834,-0.3077152733901082,0.3781835134710104,-0.7387408549628205,-0.8420818925393209,0.0,1.0,1.0,0.0,1.0,0.0,0.0,0.0,0.0,0.0,0.0,0.0,1.0,1.0,1.0,0.0,0.0,0.0,0.0,0.0,0.0,0.0,0.0,0.0,0.0,0.0,0.0,0.0,0.0,0.0,0.0,0.0,1.0,0.0,0.0,0.0,1.0,0.0,0.0,0.0,0.0,0.0,0.0,0.0,0.0
0.9598815790618292,0.33938538456783507,0.0,-0.24586094668233674,-0.4823291141675545,-0.03019062812789191,0.8293697177867968,0.2598685857417804,-0.01519889491964702,-0.6578811440870085,0.25832875421584056,0.19841453033406936,-0.2651149679239288,0.6840190651415484,1.160530552600438,-0.7529427246320418,-0.30939625632328077,-0.9647460859488309,-0.23879541259530926,-0.5866120384843126,-0.14758516073725886,0.3394569955883144,0.3509093953678958,-0.5321883651596303,0.44704165407948937,-0.09281846938874365,0.9598625378960552,-0.19459928363071383,-1.0603107855011915,1.3584553871386946,0.0,1.0,1.0,0.0,1.0,0.0,0.0,0.0,0.0,0.0,0.0,0.0,1.0,1.0,1.0,0.0,0.0,0.0,0.0,1.0,0.0,0.0,0.0,0.0,2.0,0.0,0.0,0.0,1.0,0.0,0.0,0.0,0.0,0.0,0.0,0.0,0.0,0.0,0.0,0.0,0.0,1.0,1.0,0.0,0.0
0.5433543848096863,0.5833675043493202,0.0,4.266410545369961,-0.4823291141675545,0.6120463702290817,1.1393897081416084,0.9988698764449677,-0.16619929810508258,-0.9429629731913789,-0.25290452840553496,1.325448033687316,-0.6415011291703727,0.4483724818018748,1.1845845971371634,1.6177906982460941,-0.8356370423600398,-0.7520948198297405,0.06780610481099063,-0.5866120384843126,0.8613141055633009,-0.31030118001631213,0.6188936065166758,-0.23709048615532505,-0.13497474273764906,0.7321827787383814,-0.4151906987859424,0.3781835134710104,-1.15906060669014,0.08610681784619277,1.0,0.0,1.0,0.0,1.0,0.0,0.0,0.0,0.0,0.0,0.0,0.0,1.0,1.0,0.0,0.0,1.0,0.0,0.0,1.0,0.0,0.0,0.0,0.0,0.0,1.0,1.0,0.0,1.0,1.0,0.0,0.0,1.0,2.0,1.0,2.0,0.0,1.0,0.0,0.0,0.0,0.0,0.0,0.0,0.0
0.7516179819357578,-0.14857885499513518,0.0,-0.24586094668233674,2.411645570837772,2.4317178655738405,0.7776997193943339,0.2598685857417804,0.3526637894363611,-0.39180477025626287,-0.3057907300560221,1.525850402146539,0.11127119332251512,-1.1589852656097932,1.1725575748688006,0.2169027665453774,-0.4577325852732396,0.12686374679583357,1.0642610363814566,0.6903759603860178,-1.5050132644871028,-0.42632942565999543,-0.7819329517610383,1.2082711149364425,-0.7169911395547874,0.5519720852597109,1.4245357006368677,0.9509663105727346,0.33991103802415645,0.5241284564550869,1.0,0.0,1.0,0.0,1.0,0.0,0.0,0.0,0.0,0.0,0.0,0.0,1.0,1.0,1.0,0.0,0.0,0.0,1.0,1.0,2.0,0.0,0.0,0.0,0.0,0.0,0.0,0.0,1.0,1.0,1.0,0.0,0.0,1.0,2.0,3.0,3.0,3.0,1.0,1.0,1.0,3.0,1.0,1.0,2.0
0.3350907876836148,-0.6365430945581054,0.0,-0.24586094668233674,-0.4823291141675545,-0.6724276264848655,0.6743597226093966,-1.3025912860306728,-0.5742216641593448,0.5964789039722211,1.3689389888760701,-0.734345117356872,-0.38983464265647844,-0.019199949351056414,-1.7439953252092244,0.43242398680702615,-1.4395778102277295,0.3536917639895301,-0.08549465389215931,-0.5686262920213502,1.285255615443132,0.3394569955883144,0.704161310064015,-0.6874623800283877,-0.13368137296694454,0.06589920560164512,-0.8893469872969759,-0.7673820807324381,-0.5336450724934656,0.2634012906164594,0.0,1.0,1.0,0.0,1.0,0.0,0.0,0.0,0.0,0.0,0.0,0.0,1.0,1.0,1.0,0.0,0.0,0.0,0.0,0.0,0.0,0.0,0.0,0.0,0.0,0.0,0.0,0.0,0.0,0.0,0.0,0.0,0.0,0.0,0.0,0.0,0.0,0.0,0.0,0.0,0.0,0.0,0.0,0.0,0.0
0.9598815790618292,3.267170821945656,0.0,4.266410545369961,-0.4823291141675545,0.3979673707767572,0.6226897242169223,-1.0281050923409174,-0.11318851826338708,1.1476371069073372,0.11729888314787489,0.23947556607342105,0.6112634607771107,-0.0988857018751302,-1.3140292791152477,-0.7529427246320418,0.5205808223252986,0.4812825236609844,0.29775724286570704,0.2227465523489954,1.0243685324401592,-0.6467830923829937,-0.28250783098376625,0.6134403117078693,0.44704165407948937,-0.028339413923898216,0.1000591347293815,-0.19459928363071383,0.8716408444261877,-0.5709256400671483,0.0,1.0,1.0,0.0,1.0,0.0,0.0,0.0,0.0,0.0,0.0,0.0,1.0,1.0,0.0,0.0,1.0,0.0,0.0,0.0,0.0,0.0,0.0,0.0,0.0,0.0,1.0,0.0,0.0,0.0,0.0,0.0,1.0,2.0,0.0,1.0,0.0,0.0,0.0,0.0,0.0,2.0,1.0,1.0,1.0
-0.08143640656852823,-0.6365430945581054,0.0,-0.24586094668233674,-0.4823291141675545,-0.6724276264848655,-0.15236025167010142,0.4287831664739375,1.7132738053732124,-0.35379385970901345,-0.7465090771434147,-0.09514123263830966,1.1134828652805027,-0.054856998145875434,-0.0842662521751318,0.10914215641455306,0.24333315988311346,0.6939337897800749,0.9109602776783068,0.8522476785526795,-0.6326720806959119,-0.6351802678186254,-0.5383109416257836,1.2136786676930658,-1.2977141666012213,-1.630395945858135,-0.24765547684537687,-0.4809906821815759,1.010903412769577,-0.12247491482470917,0.0,1.0,1.0,0.0,1.0,0.0,0.0,0.0,0.0,0.0,0.0,0.0,1.0,1.0,1.0,0.0,0.0,0.0,0.0,0.0,0.0,0.0,0.0,0.0,0.0,0.0,0.0,0.0,0.0,0.0,0.0,0.0,0.0,0.0,0.0,0.0,0.0,0.0,0.0,0.0,0.0,0.0,0.0,0.0,0.0
-0.7062271979467427,-0.14857885499513518,0.0,-0.24586094668233674,1.8328506338367068,2.7528363647523273,0.8810397161792711,0.2387542631502608,-1.211957409527621,-0.41081022552988755,-0.27053326228903063,0.5563196776740892,-0.5156678859134256,0.8973412353227267,0.649382106195011,0.43242398680702615,-0.8780188506314566,-0.07161076824865088,1.3708625537877566,1.5177202976822883,-1.27266070618758,-1.3545553908094619,-0.6479408461866482,1.8069644558483189,-1.2977141666012213,0.9438063453922332,0.9061248251981375,5.246837288835667,-2.3567186944432854,-0.37277299402979147,1.0,0.0,1.0,0.0,0.0,0.0,0.0,1.0,0.0,0.0,0.0,0.0,1.0,1.0,1.0,0.0,0.0,0.0,1.0,2.0,1.0,0.0,0.0,0.0,1.0,2.0,2.0,1.0,2.0,0.0,1.0,0.0,3.0,1.0,3.0,2.0,3.0,1.0,1.0,1.0,0.0,1.0,1.0,0.0,2.0
1.7929359675661154,-0.14857885499513518,0.0,-0.24586094668233674,-0.4823291141675545,0.5050068705029195,-0.5657202388098505,-1.9993639315508207,0.04584382126169943,1.717800765116078,1.1750229161576173,-1.1075715466891871,1.1134828652805027,-1.9930501461146903,0.312625482680847,-1.722788215809461,1.2852192798887774,0.296984759691106,-0.008844274540592854,-0.6765407707991246,-0.8446428356358273,0.6643360833906277,0.04638188269882748,-0.11889683304627074,1.0303514206673328,-1.3823995786856527,-0.01689941643667375,-0.7673820807324381,1.7072162544865221,0.34683398368482016,0.0,1.0,1.0,0.0,1.0,0.0,0.0,0.0,0.0,0.0,0.0,0.0,1.0,1.0,1.0,0.0,0.0,0.0,0.0,0.0,0.0,0.0,0.0,0.0,0.0,0.0,1.0,0.0,0.0,0.0,0.0,0.0,1.0,0.0,0.0,0.0,0.0,1.0,0.0,2.0,0.0,3.0,1.0,2.0,0.0
0.7516179819357578,0.5833675043493202,0.0,-0.24586094668233674,-0.4823291141675545,-0.35130912730637875,0.15765973868471034,0.576583424614575,0.03620549765411835,-0.695892054634258,-0.27053326228903063,-0.22077574497513144,-0.1403952931913792,-1.5068740373296798,-0.3608877643474811,-0.537421504370393,0.35988313262950977,-0.9647460859488309,-0.08549465389215931,0.9421764108674914,-0.8344519339560238,-1.0644847767002537,-0.18505902692966442,-0.5468660083561794,-0.7169911395547874,0.9454596545067164,-0.3045542314667008,0.3781835134710104,-0.5260489324020081,-0.862940065806411,0.0,1.0,1.0,0.0,1.0,0.0,0.0,0.0,0.0,0.0,0.0,0.0,1.0,1.0,1.0,0.0,0.0,0.0,0.0,1.0,0.0,0.0,0.0,0.0,0.0,0.0,0.0,0.0,0.0,0.0,0.0,0.0,1.0,1.0,0.0,0.0,0.0,0.0,0.0,0.0,0.0,0.0,0.0,0.0,0.0
-0.8103589965097785,-0.6365430945581054,0.0,-0.24586094668233674,-0.4823291141675545,-0.6724276264848655,0.15765973868471034,-0.5002470275529265,0.29001468598708463,0.17835888795247792,0.18781381868185773,-0.43037088262973205,-0.13928172466698166,0.8725363318132873,-2.0657181708879344,-0.3219002841087444,-0.05863722405073156,0.708110540854681,0.06780610481099063,-0.1909256162991398,-0.18427240678455192,0.4090739429745244,-0.33123223301081717,-0.2664457725484231,-0.715697769784083,-0.2564960717225821,-0.7502611426670723,-0.19459928363071383,0.45385313939602007,-0.23719486779370524,0.0,1.0,1.0,0.0,1.0,0.0,0.0,0.0,0.0,0.0,0.0,0.0,1.0,1.0,1.0,0.0,0.0,0.0,0.0,0.0,0.0,0.0,0.0,0.0,0.0,0.0,0.0,0.0,0.0,0.0,0.0,0.0,0.0,0.0,0.0,0.0,0.0,0.0,0.0,0.0,0.0,0.0,0.0,0.0,0.0
0.647486183372722,-0.6365430945581054,0.0,-0.24586094668233674,-0.4823291141675545,-0.6724276264848655,-0.4623802420249132,-1.0069907697493978,-0.02403402489326289,1.4707298465589569,0.5403884963517719,-1.1823394028115886,0.8629299472910058,-0.6681582374167626,-1.2779482123101584,-0.9684639448936905,-0.04980768066085293,-0.2984387854423474,-0.6220473093531926,0.5464899886823186,-0.13127971804957303,0.14220897799405277,-0.5017676401054955,-0.6302968223155117,-0.13368137296694454,-0.06967214178597862,-0.15914630298998358,-0.19459928363071383,-0.25005584241238216,0.5554157163557221,0.0,1.0,1.0,0.0,1.0,0.0,0.0,0.0,0.0,0.0,0.0,0.0,1.0,1.0,1.0,0.0,0.0,0.0,0.0,0.0,0.0,0.0,0.0,0.0,0.0,0.0,0.0,0.0,0.0,0.0,0.0,0.0,0.0,0.0,0.0,0.0,0.0,0.0,0.0,0.0,0.0,0.0,0.0,0.0,0.0
0.7516179819357578,-0.3925609747766203,0.0,-0.24586094668233674,1.8328506338367068,-0.03019062812789191,0.054319741899773094,0.9988698764449677,0.02977994858239768,-0.9429629731913789,-0.3939343994735006,0.016397700265600574,-0.7662208039029224,0.6446412808203135,2.1647869120087475,1.6177906982460941,-0.9963347320558286,-0.6528575623074983,0.29775724286570704,0.04288908771937141,0.637114268607621,-0.47274072391746874,-0.0632480218620371,0.6536107036142143,0.44704165407948937,-0.9872587003241639,1.032566502134414,-0.19459928363071383,0.9450701986436109,-0.7377910262038698,0.0,1.0,1.0,0.0,1.0,0.0,0.0,0.0,0.0,0.0,0.0,0.0,1.0,1.0,1.0,0.0,0.0,0.0,0.0,0.0,1.0,0.0,1.0,0.0,0.0,0.0,0.0,0.0,0.0,0.0,0.0,0.0,0.0,0.0,1.0,1.0,0.0,0.0,0.0,0.0,0.0,1.0,1.0,0.0,0.0
0.43922258624665056,-0.3925609747766203,0.0,-0.24586094668233674,2.411645570837772,1.2542833685860555,0.20932973707717323,0.2387542631502608,-1.8649538339412335,-0.39180477025626287,0.1525563509148663,-0.8703981014484548,-0.6403875606459751,-0.4867723805039876,-0.10531354114476713,0.001381546283728704,-0.8338711336820641,-0.029080515024832783,1.3708625537877566,-0.2268971092250646,1.8172206831288817,0.6991445570837327,-0.7088463487204618,0.9772913614749572,0.44833502385019386,1.2248688948543798,0.34029832090830453,0.3781835134710104,-0.25765198250384,0.430266676753181,0.0,1.0,1.0,0.0,1.0,0.0,0.0,0.0,0.0,0.0,0.0,0.0,1.0,1.0,1.0,0.0,0.0,0.0,0.0,1.0,0.0,0.0,0.0,0.0,0.0,1.0,1.0,1.0,1.0,0.0,1.0,0.0,2.0,1.0,1.0,1.0,1.0,0.0,1.0,0.0,0.0,2.0,1.0,1.0,1.0
0.7516179819357578,-0.6365430945581054,0.0,-0.24586094668233674,-0.4823291141675545,-0.6724276264848655,0.6226897242169223,0.6399263923891338,-0.2738272450564037,-0.37279931498263813,-0.5878504721919534,0.7904288665163619,-0.38983464265647844,-0.37204970177283064,0.5591794391822884,0.001381546283728704,-0.12220993645785669,0.5379895279594086,0.9876106570298903,1.0321051431823034,-0.7223520154781838,-0.8556339345416236,-0.35559443402434265,1.0730822960208575,-0.7169911395547874,-0.3771876370798569,0.9377352444322069,0.9509663105727346,-1.0704389722898018,-0.3101984742285209,0.0,1.0,1.0,0.0,1.0,0.0,0.0,0.0,0.0,0.0,0.0,0.0,1.0,1.0,1.0,0.0,0.0,0.0,0.0,0.0,0.0,0.0,0.0,0.0,0.0,0.0,0.0,0.0,0.0,0.0,0.0,0.0,0.0,0.0,0.0,0.0,0.0,0.0,0.0,0.0,0.0,0.0,0.0,0.0,0.0
0.9598815790618292,-0.14857885499513518,0.0,-0.24586094668233674,1.8328506338367068,1.896520366943029,-1.6507902050516974,-3.9418816099706273,-1.0617601999761503,3.6753626582994214,6.62230168615779,-2.3602395623792556,1.6145887012594962,0.27163754429711967,-0.9923064334365376,-1.9383094360711097,0.05614684001768938,-0.19920152792010518,-1.2352503441657923,-3.122602289762011,-2.2856363331600615,1.8826326626493024,5.820223522904362,-2.0524831973074646,2.7751072413480427,1.3356406055247554,-1.5089112042847255,-1.3401648778341622,-0.7969779289973287,-0.007754961855713104,0.0,1.0,1.0,0.0,1.0,0.0,0.0,0.0,0.0,0.0,0.0,0.0,1.0,1.0,1.0,0.0,0.0,0.0,0.0,2.0,0.0,1.0,0.0,1.0,0.0,1.0,1.0,1.0,1.0,1.0,1.0,1.0,1.0,1.0,2.0,2.0,1.0,2.0,1.0,0.0,0.0,1.0,1.0,0.0,1.0
0.7516179819357578,-0.3925609747766203,0.0,-0.24586094668233674,1.8328506338367068,0.8261253696814063,0.4676797290395221,-0.6058186405105247,0.5711324578748638,0.3874188959623495,0.4522448269342933,-0.823821404191877,0.11127119332251512,-1.498502382395244,-0.6585565654894647,0.6479452070686749,-1.1941165039891068,-0.7662715709043465,-3.0748594486035916,-0.1369683769102526,-1.0076972625126857,0.9892151711929409,-0.07542912236879983,-1.2289901632273874,1.0290580508966274,-0.1176181061059919,-1.5278774558251675,-0.7673820807324381,0.40321220545296965,0.23211403071582412,0.0,1.0,1.0,0.0,1.0,0.0,0.0,0.0,0.0,0.0,0.0,0.0,1.0,1.0,1.0,0.0,0.0,0.0,1.0,2.0,0.0,0.0,0.0,0.0,0.0,1.0,0.0,2.0,1.0,0.0,1.0,0.0,2.0,1.0,0.0,0.0,0.0,0.0,0.0,0.0,0.0,1.0,1.0,0.0,1.0
-0.08143640656852823,-0.14857885499513518,0.0,-0.24586094668233674,-0.4823291141675545,-0.24426962758021645,0.7260297210018595,0.09095400500962333,-0.5806472132310655,-0.25876658334089,-0.3410481978230135,1.0974673576419611,0.11127119332251512,-0.29205388795488885,0.7726590844457307,0.9712270374611479,0.490560374799712,-0.6245040601582862,-0.5453969300016092,-0.4966833061695006,-1.3317679359304413,0.710747381648101,0.24127949080703118,-0.10962674260634458,1.0303514206673328,0.9834857641398302,1.0072781667471582,-0.7673820807324381,0.4057442521501226,-0.6960746796696895,0.0,1.0,1.0,0.0,1.0,0.0,0.0,0.0,0.0,0.0,0.0,0.0,1.0,1.0,1.0,0.0,0.0,0.0,0.0,1.0,0.0,0.0,0.0,0.0,0.0,1.0,1.0,0.0,1.0,0.0,0.0,0.0,0.0,0.0,0.0,0.0,0.0,0.0,0.0,0.0,0.0,0.0,0.0,0.0,0.0
-0.28970000369459975,-0.3925609747766203,0.0,-0.24586094668233674,-0.4823291141675545,0.07684887159827036,0.2609997354696476,-0.6902759308766032,1.5952043411803447,0.1973643432261026,0.8400769723711988,-0.17603760155762918,-0.6403875606459751,0.846491183128376,-0.3939620755854792,0.001381546283728704,-1.141139243649836,0.6939337897800749,0.9109602776783068,0.384618270515657,-0.9608191147855889,-0.5075491976105737,-0.46522433858520723,1.0962575221206725,-0.13497474273764906,2.4863437492050746,-0.1812735964538319,0.3781835134710104,-0.9438366374321754,-0.08075856829052878,0.0,1.0,1.0,0.0,1.0,0.0,0.0,0.0,0.0,0.0,0.0,0.0,1.0,1.0,1.0,0.0,0.0,0.0,0.0,1.0,0.0,1.0,0.0,0.0,0.0,0.0,1.0,0.0,1.0,0.0,0.0,0.0,0.0,1.0,0.0,1.0,0.0,0.0,0.0,0.0,0.0,1.0,0.0,0.0,0.0
-1.5392815864510287,-0.6365430945581054,0.0,-0.24586094668233674,-0.4823291141675545,-0.6724276264848655,0.3126697338621105,0.9566412312619285,1.0120857629216944,-1.3420775339374975,-0.5702217383084577,1.663129088797506,1.362922214745601,-0.13268238290674128,0.8177604179520925,5.066130222432473,-2.080602660332909,1.4311248456595886,0.22110686351414055,1.463763058293401,0.30489087384602254,-1.36615821537383,-0.5870353436528345,0.5686348745815608,-0.715697769784083,-1.0699241560483248,1.886047821454274,1.523749107674459,-1.5616560315373922,-1.1236672316450385,0.0,1.0,1.0,0.0,1.0,0.0,0.0,0.0,0.0,0.0,0.0,0.0,1.0,1.0,1.0,0.0,0.0,0.0,0.0,0.0,0.0,0.0,0.0,0.0,0.0,0.0,0.0,0.0,0.0,0.0,0.0,0.0,0.0,0.0,0.0,0.0,0.0,0.0,0.0,0.0,0.0,0.0,0.0,0.0,0.0
1.3764087733139723,-0.3925609747766203,0.0,-0.24586094668233674,2.411645570837772,2.4317178655738405,0.6226897242169223,-1.2181339956645942,-0.663376157529469,0.9005661883502162,0.39935862528380617,0.4944216984252156,-1.1426069651493662,-1.0966629455423271,-1.1907523008645269,-0.10637906384709565,-0.3641394253405279,2.1966694036883143,0.8343098983267403,0.060874834182333804,-0.7447719991737519,0.1886202762515261,-0.5383109416257836,1.0537696076043455,-0.715697769784083,0.3155488818886108,-0.9715340773055544,0.3781835134710104,0.08417432161175163,0.5345575430886319,0.0,1.0,1.0,0.0,1.0,0.0,0.0,0.0,0.0,0.0,0.0,0.0,1.0,1.0,1.0,0.0,0.0,0.0,0.0,0.0,3.0,2.0,0.0,0.0,0.0,0.0,0.0,1.0,2.0,1.0,1.0,2.0,1.0,1.0,1.0,1.0,1.0,2.0,1.0,1.0,1.0,2.0,2.0,1.0,2.0
-0.49796360082067126,-0.6365430945581054,0.0,-0.24586094668233674,-0.4823291141675545,-0.6724276264848655,-0.2557002484550387,1.3789276830923212,-1.616767001046023,-1.0950066153803764,-0.7465090771434147,-0.5216857233038126,-0.890940478635472,-0.9366713179064435,1.1996183749726175,1.0789876475919722,-1.4925550705670005,-1.0781600945456793,-1.0052992061110588,1.104048129034153,1.9415496836224864,-0.10145033785768216,-0.7819329517610383,-0.957067510322897,-0.715697769784083,-0.7128093873199499,-1.0695263769311687,-0.7673820807324381,0.18039209610354745,-0.37277299402979147,0.0,1.0,1.0,0.0,1.0,0.0,0.0,0.0,0.0,0.0,0.0,0.0,1.0,1.0,1.0,0.0,0.0,0.0,0.0,0.0,0.0,0.0,0.0,0.0,0.0,0.0,0.0,0.0,0.0,0.0,0.0,0.0,0.0,0.0,0.0,0.0,0.0,0.0,0.0,0.0,0.0,0.0,0.0,0.0,0.0
0.8557497804987936,-0.6365430945581054,0.0,-0.24586094668233674,-0.4823291141675545,-0.6724276264848655,0.10598974029223598,0.344325876107859,-1.0432867463949533,-0.16373930697276654,-0.5878504721919534,0.2701181300580118,0.11127119332251512,0.23070945350654476,-0.10531354114476713,-0.4296608942395687,0.8278489322930702,-0.6245040601582862,0.3744076222172905,0.29468953820084504,-0.34325047298948863,-0.7512085134623087,0.10728738523264114,-0.45725513410356283,-0.715697769784083,-1.2716278680152773,0.03367725433783653,-0.19459928363071383,0.5576670539792737,-0.5709256400671483,0.0,1.0,1.0,0.0,1.0,0.0,0.0,0.0,0.0,0.0,0.0,0.0,1.0,1.0,1.0,0.0,0.0,0.0,0.0,0.0,0.0,0.0,0.0,0.0,0.0,0.0,0.0,0.0,0.0,0.0,0.0,0.0,0.0,0.0,0.0,0.0,0.0,0.0,0.0,0.0,0.0,0.0,0.0,0.0,0.0
0.43922258624665056,-0.6365430945581054,0.0,-0.24586094668233674,-0.4823291141675545,-0.6724276264848655,-0.6173902372023248,-0.5002470275529265,-1.6529107145744515,-0.06871203060464308,0.170185084798362,-0.9954197625055848,-1.016773721892419,-0.7050555313870536,-2.234096482645017,-1.0762245550245149,0.8578693798186575,0.15521724894504563,0.6043587602720069,0.42058976344158183,-0.4125486044121533,-0.40312377653125875,-0.4164999365581563,0.5369620655784811,-0.7169911395547874,-0.7723285154413456,-1.6132255877571535,0.3781835134710104,0.5652631940707317,-0.08075856829052878,0.0,1.0,1.0,0.0,1.0,0.0,0.0,0.0,0.0,0.0,0.0,0.0,1.0,1.0,1.0,0.0,0.0,0.0,0.0,0.0,0.0,0.0,0.0,0.0,0.0,0.0,0.0,0.0,0.0,0.0,0.0,0.0,0.0,0.0,0.0,0.0,0.0,0.0,0.0,0.0,0.0,0.0,0.0,0.0,0.0
0.23095898912057902,0.33938538456783507,0.0,-0.24586094668233674,-0.4823291141675545,0.18388837132443264,0.5710197258244594,0.7877266505297713,1.0241336674311707,-0.4868320466243863,-0.6936228754929276,0.8137172151446513,-0.6403875606459751,-0.8656672816106734,0.46597001660247456,0.6479452070686749,-0.7314484303594734,0.18357075109425772,-0.6220473093531926,-2.0794289949101916,-0.013065258563850858,2.532390838253929,0.26564169182055664,-0.7701206864510596,1.902082646122335,0.14856466132580595,-0.402546531092314,-1.3401648778341622,2.2566703877686205,2.046775104952671,0.0,1.0,1.0,0.0,0.0,0.0,0.0,0.0,0.0,0.0,0.0,1.0,1.0,1.0,1.0,0.0,0.0,0.0,0.0,1.0,0.0,0.0,0.0,0.0,0.0,0.0,0.0,0.0,0.0,0.0,0.0,0.0,1.0,0.0,1.0,0.0,0.0,0.0,2.0,0.0,0.0,2.0,1.0,0.0,0.0
0.5433543848096863,0.09540326478634993,0.0,-0.24586094668233674,-0.4823291141675545,0.719085869955244,0.519349727431985,-0.7958475438342014,0.4072809565459869,0.3874188959623495,0.22307128644884913,-0.011180607320531248,-0.1403952931913792,0.5609247314759558,-0.1684554080536731,-0.21413967397792,-0.28467353483162083,-0.18502477684549914,0.7576595189751568,-0.3527973344658014,0.6839924163347179,0.815172802727416,-0.40431883605139357,-0.1289394310228567,-1.0067059681926522,-0.8202744797613589,-0.3488088183943974,-0.19459928363071383,0.5551350072821217,2.2240695777229376,0.0,1.0,1.0,0.0,1.0,0.0,0.0,0.0,0.0,0.0,0.0,0.0,1.0,1.0,1.0,0.0,0.0,0.0,1.0,1.0,0.0,0.0,0.0,0.0,0.0,1.0,1.0,0.0,0.0,0.0,0.0,0.0,1.0,1.0,0.0,0.0,1.0,1.0,0.0,1.0,1.0,2.0,1.0,0.0,0.0
0.12682719055754327,-0.6365430945581054,0.0,-0.24586094668233674,-0.4823291141675545,-0.6724276264848655,0.15765973868471034,-0.12018922090557305,-0.7477114890958029,-0.20175021752001593,-0.1118746573375693,0.03784749505481416,-1.1414933966249687,1.4824268968516265,-0.3518674976462085,1.0789876475919722,-1.5102141573467576,0.5379895279594086,0.3744076222172905,0.20476080588603301,-0.44108312911560354,-0.658385916947362,-0.05106692135527437,0.5616823067516167,-0.715697769784083,0.7222629240514821,-0.7439390588202587,1.523749107674459,-1.0172659916495985,0.17996859754809863,0.0,1.0,1.0,0.0,1.0,0.0,0.0,0.0,0.0,0.0,0.0,0.0,1.0,1.0,1.0,0.0,0.0,0.0,0.0,0.0,0.0,0.0,0.0,0.0,0.0,0.0,0.0,0.0,0.0,0.0,0.0,0.0,0.0,0.0,0.0,0.0,0.0,0.0,0.0,0.0,0.0,0.0,0.0,0.0,0.0
0.3350907876836148,1.3153138636937753,0.0,-0.24586094668233674,-0.4823291141675545,-0.24426962758021645,0.20932973707717323,-1.0069907697493978,-0.5918919241065768,0.6534952697930952,0.716675835186729,-0.6828656098627595,-0.6415011291703727,1.290809017241208,0.005936414837590847,-0.6451821145012174,0.18858999086586695,0.6797570387054689,0.22110686351414055,-0.9463269677435606,0.40272352997213734,0.026180732350369475,0.7163424105707776,-0.6751022594418196,-0.13497474273764906,0.9884456914832799,0.011549960873988217,-0.7673820807324381,0.09936660179466648,0.7014229292253534,1.0,0.0,1.0,0.0,1.0,0.0,0.0,0.0,0.0,0.0,0.0,0.0,1.0,1.0,1.0,0.0,0.0,0.0,0.0,0.0,0.0,0.0,0.0,0.0,0.0,0.0,0.0,0.0,0.0,0.0,0.0,0.0,1.0,1.0,1.0,1.0,0.0,0.0,0.0,0.0,0.0,0.0,0.0,0.0,0.0
0.5433543848096863,-0.6365430945581054,0.0,-0.24586094668233674,-0.4823291141675545,-0.6724276264848655,0.7776997193943339,0.49212613424849644,-0.09310867741426,-0.12572839642551714,-0.7641378110269105,0.84374692784955,0.7370967040340582,-0.37111951789122677,1.8039762439578582,-0.6451821145012174,2.9381098024740333,-1.1206903477694974,0.3744076222172905,1.1759911148860027,0.600427022560328,-0.32190400458068047,-0.9768305598692419,0.592582608218036,-0.13368137296694454,-0.8616072076234395,2.0978376303225357,-0.7673820807324381,0.9931790858895092,-0.7065037663032346,1.0,0.0,1.0,0.0,1.0,0.0,0.0,0.0,0.0,0.0,0.0,0.0,1.0,1.0,1.0,0.0,0.0,0.0,0.0,0.0,0.0,0.0,0.0,0.0,0.0,0.0,0.0,0.0,0.0,0.0,0.0,0.0,0.0,0.0,0.0,0.0,0.0,0.0,0.0,0.0,0.0,0.0,0.0,0.0,0.0
-0.08143640656852823,3.023188702164171,0.0,-0.24586094668233674,-0.4823291141675545,-0.458348627032541,0.054319741899773094,0.2387542631502608,0.4402118955385553,0.235375253773352,-0.4115631333569963,-0.7980816504448207,-0.38983464265647844,-0.8123367390653786,1.0793481522889878,-0.6451821145012174,0.42875357107056217,0.12686374679583357,0.29775724286570704,-0.4786975597065382,-0.23930327585549158,0.4554852412319977,-0.14851572540937621,-0.8288312592372563,-0.13368137296694454,-1.3509867055104714,-0.6712350945819001,0.3781835134710104,-0.8298945360603113,0.5867029762563574,0.0,1.0,1.0,0.0,1.0,0.0,0.0,0.0,0.0,0.0,0.0,0.0,1.0,1.0,1.0,0.0,0.0,0.0,0.0,1.0,0.0,0.0,0.0,0.0,0.0,0.0,0.0,0.0,0.0,0.0,0.0,0.0,0.0,0.0,0.0,0.0,0.0,0.0,0.0,0.0,0.0,0.0,0.0,1.0,0.0
-1.3310179893249572,-0.6365430945581054,0.0,-0.24586094668233674,-0.4823291141675545,-0.6724276264848655,-0.5657202388098505,-0.6058186405105247,-1.9589274891151485,0.1973643432261026,-0.07661718957057788,0.04765311552988299,2.240414211971039,0.21675669528248517,-0.20152971929167113,-0.4296608942395687,0.12678318713671716,1.6721296139278912,-1.3885511028689423,-0.7125122637250494,0.6045033832322494,-0.13625881155078715,0.838153415638405,-0.5808563399692406,1.6110744477137657,0.7073831420211332,1.5004007067986331,-0.7673820807324381,0.5044940733390714,0.04439047131201238,0.0,1.0,1.0,0.0,1.0,0.0,0.0,0.0,0.0,0.0,0.0,0.0,1.0,1.0,1.0,0.0,0.0,0.0,0.0,0.0,0.0,0.0,0.0,0.0,0.0,0.0,0.0,0.0,0.0,0.0,0.0,0.0,0.0,0.0,0.0,0.0,0.0,0.0,0.0,0.0,0.0,0.0,0.0,0.0,0.0
-2.684731370644422,1.0713317439122902,0.0,-0.24586094668233674,-0.4823291141675545,-0.24426962758021645,-3.665920142357968,0.8932982634873695,2.6216858053877212,-0.5818593229925098,-1.2929998275317816,3.5096499945089423,1.7393083759920454,0.8437006314835641,2.059550467160571,0.43242398680702615,1.0768420558876441,-0.6812110644567103,1.2175617950846067,0.04288908771937141,1.6908535022993167,-0.08984751329331384,-0.3799566350378681,0.8753203666357737,-0.13368137296694454,1.226522203968863,1.1558471371472827,0.0917921149201483,-0.7539331351457358,0.04439047131201238,1.0,0.0,1.0,0.0,0.0,0.0,0.0,0.0,1.0,0.0,0.0,0.0,1.0,1.0,0.0,1.0,0.0,0.0,0.0,0.0,0.0,0.0,0.0,0.0,0.0,1.0,1.0,0.0,0.0,0.0,0.0,0.0,0.0,0.0,1.0,0.0,0.0,0.0,0.0,0.0,0.0,0.0,1.0,0.0,0.0
-0.08143640656852823,-0.6365430945581054,0.0,-0.24586094668233674,-0.4823291141675545,-0.6724276264848655,0.3126697338621105,-0.07796057572253377,1.8642742085586477,-0.5248429571716356,0.08204141538088348,0.31975908371304884,-0.6415011291703727,1.2514312329199728,-0.7577794992034599,0.001381546283728704,-0.33411897781494065,0.11268699572122755,-0.23879541259530926,-0.2089113627621022,-0.16389060342494466,-0.4843435484818371,0.07074408371235294,0.41336085971280345,-1.8810239331890646,0.10392531523475912,-0.12437484183250797,0.0917921149201483,0.5120902134305283,-0.14333308809179937,0.0,1.0,1.0,0.0,1.0,0.0,0.0,0.0,0.0,0.0,0.0,0.0,1.0,1.0,1.0,0.0,0.0,0.0,0.0,0.0,0.0,0.0,0.0,0.0,0.0,0.0,0.0,0.0,0.0,0.0,0.0,0.0,0.0,0.0,0.0,0.0,0.0,0.0,0.0,0.0,0.0,0.0,0.0,0.0,0.0
-1.01862259363585,-0.6365430945581054,0.0,-0.24586094668233674,-0.4823291141675545,-0.6724276264848655,-0.3590402452399759,0.17541129537570188,-0.1461194572559555,-0.14473385169914185,-0.05898845568708217,-0.8722366552875302,-0.2651149679239288,0.4706968949603702,-1.5696035023179615,-0.8607033347628662,0.5929830781223023,-0.3834992918899836,-1.9251037583299586,0.5105184957563939,-0.21892147249588428,-0.6467830923829937,-0.13633462490261347,-1.4754200674220823,-0.13368137296694454,0.04440618711336332,-0.3203594410837355,-0.7673820807324381,0.07151408812598882,-1.0610927118437679,0.0,1.0,1.0,0.0,1.0,0.0,0.0,0.0,0.0,0.0,0.0,0.0,1.0,1.0,1.0,0.0,0.0,0.0,0.0,0.0,0.0,0.0,0.0,0.0,0.0,0.0,0.0,0.0,0.0,0.0,0.0,0.0,0.0,0.0,0.0,0.0,0.0,0.0,0.0,0.0,0.0,0.0,0.0,0.0,0.0
-0.28970000369459975,-0.14857885499513518,0.0,-0.24586094668233674,-0.4823291141675545,-0.35130912730637875,0.4676797290395221,-0.8803048342002799,-0.27543363232433393,1.584762578200705,0.27595748809933623,-0.7944045427666696,-0.5156678859134256,0.4254279460556435,0.7756658400128219,-0.8607033347628662,0.8296148409710462,0.5096360258101964,-1.5418518615720922,-0.9283412212805983,-1.5131659858309459,1.9638524345998807,-0.05106692135527437,-1.231307685837369,1.0303514206673328,0.7354893969673478,0.30868790167423626,-1.3401648778341622,0.13987934894910697,0.6701356693247181,0.0,1.0,1.0,0.0,1.0,0.0,0.0,0.0,0.0,0.0,0.0,0.0,1.0,1.0,1.0,0.0,0.0,0.0,0.0,1.0,0.0,0.0,0.0,0.0,0.0,1.0,0.0,0.0,0.0,0.0,0.0,0.0,0.0,0.0,0.0,0.0,1.0,0.0,0.0,0.0,0.0,0.0,0.0,0.0,0.0
-1.01862259363585,-0.3925609747766203,0.0,-0.24586094668233674,-0.4823291141675545,-0.5653881267587033,-4.285960123067592,-0.7113902534681229,-0.45454581269854744,1.1286316516337125,-0.05898845568708217,-1.4342212787649242,3.743731719908019,2.115572058930065,-0.3398404753778458,-1.5072669955478124,-0.0462758633049016,-0.8229785752027706,-1.4652014822205088,-0.7125122637250494,-0.5919084739766973,0.11900332886531612,0.3021849933408448,-1.2768856305003375,1.0303514206673328,0.2824826995989465,0.046321422031463826,-0.7673820807324381,0.61337208131663,-1.4261107440178462,0.0,1.0,1.0,0.0,1.0,0.0,0.0,0.0,0.0,0.0,0.0,0.0,1.0,1.0,1.0,0.0,0.0,0.0,0.0,0.0,0.0,0.0,0.0,0.0,0.0,0.0,0.0,0.0,0.0,0.0,0.0,0.0,0.0,0.0,0.0,1.0,0.0,0.0,0.0,0.0,0.0,0.0,0.0,0.0,0.0
-0.08143640656852823,-0.6365430945581054,0.0,-0.24586094668233674,-0.4823291141675545,-0.6724276264848655,0.7260297210018595,1.6111852315990371,0.5478398424898764,-0.695892054634258,-1.028568819279346,0.7407879128613247,-0.6415011291703727,-2.93315598912244,2.0956315339656606,-0.10637906384709565,3.8546164063434216,0.5946965322578327,0.6810091396235903,1.9313924663304234,0.3008145131741011,-1.0180734784427803,-1.025554961896293,1.5736671797768516,-0.13497474273764906,0.23784335350789965,3.4886960766215673,0.3781835134710104,0.046193621154463176,-0.45620568709815223,0.0,1.0,1.0,0.0,1.0,0.0,0.0,0.0,0.0,0.0,0.0,0.0,1.0,1.0,1.0,0.0,0.0,0.0,0.0,0.0,0.0,0.0,0.0,0.0,0.0,0.0,0.0,0.0,0.0,0.0,0.0,0.0,0.0,0.0,0.0,0.0,0.0,0.0,0.0,0.0,0.0,0.0,0.0,0.0,0.0
-0.9144907950728143,0.09540326478634993,0.0,-0.24586094668233674,-0.4823291141675545,-0.03019062812789191,0.41600973064704777,0.7243836827552125,0.1269663782921728,-0.41081022552988755,-0.5173355366579705,-0.3102520318101364,-0.6415011291703727,-0.2114379515492111,-0.18348918588912705,-0.3219002841087444,0.5364740004270798,-0.07161076824865088,-0.008844274540592854,-0.2268971092250646,0.22132548007163272,0.29304569733084107,0.02201968168530202,-0.8156986311140279,0.44704165407948937,-0.19367032537221987,-0.8925080292203822,-0.19459928363071383,0.3500392248127664,0.45112485002027114,0.0,1.0,1.0,0.0,1.0,0.0,0.0,0.0,0.0,0.0,0.0,0.0,1.0,1.0,1.0,0.0,0.0,0.0,0.0,0.0,0.0,1.0,0.0,0.0,0.0,0.0,1.0,0.0,0.0,0.0,0.0,0.0,0.0,1.0,0.0,1.0,0.0,1.0,0.0,1.0,0.0,0.0,0.0,0.0,0.0
-2.1640723778292434,-0.6365430945581054,0.0,-0.24586094668233674,-0.4823291141675545,-0.6724276264848655,0.3126697338621105,1.2944703927262426,-1.8930656111300117,-0.5818593229925098,-0.7817665449104061,-0.7067668097707402,-1.1414933966249687,0.185750565895686,-1.8612587923257637,-0.21413967397792,0.6724489686312087,-0.2133782789947112,0.5277083809204405,0.1687893129601082,0.7145651213741286,-0.2754927063232071,-0.28250783098376625,-1.130881706071506,-0.715697769784083,0.7454092516542472,-1.9704233251021317,0.3781835134710104,-0.8045740690887861,-0.14333308809179937,0.0,1.0,1.0,0.0,1.0,0.0,0.0,0.0,0.0,0.0,0.0,0.0,1.0,1.0,1.0,0.0,0.0,0.0,0.0,0.0,0.0,0.0,0.0,0.0,0.0,0.0,0.0,0.0,0.0,0.0,0.0,0.0,0.0,0.0,0.0,0.0,0.0,0.0,0.0,0.0,0.0,0.0,0.0,0.0,0.0
0.9598815790618292,-0.6365430945581054,0.0,-0.24586094668233674,-0.4823291141675545,-0.6724276264848655,0.20932973707717323,0.21763994055874114,0.3036689777644911,-0.20175021752001593,-0.28816199617252636,-0.49717167211614005,-1.016773721892419,0.6344092581226698,-0.7788267881730941,-0.21413967397792,0.2150786210355022,-0.2842620343677414,-0.1621450332437428,1.3378628330526643,-0.057905225954986844,-1.2269243206014102,-0.4164999365581563,-1.0296832187689824,-0.7169911395547874,-0.225083198547401,1.2127458917686067,0.3781835134710104,-0.2019469551664847,-0.8420818925393209,0.0,1.0,1.0,0.0,1.0,0.0,0.0,0.0,0.0,0.0,0.0,0.0,1.0,1.0,1.0,0.0,0.0,0.0,0.0,0.0,0.0,0.0,0.0,0.0,0.0,0.0,0.0,0.0,0.0,0.0,0.0,0.0,0.0,0.0,0.0,0.0,0.0,0.0,0.0,0.0,0.0,0.0,0.0,0.0,0.0
-1.9558087807031719,1.0713317439122902,0.0,-0.24586094668233674,-0.4823291141675545,-0.6724276264848655,1.0360497113566713,1.6322995541905567,2.094790781506627,-0.4678265913507616,-1.5221733680172258,1.4277941973958492,-0.38983464265647844,0.6353394420042737,0.12620663752122033,0.5401845969378505,0.34398995452772846,0.722287291929287,-0.08549465389215931,0.024903341256409004,0.9285740566500049,0.5947191360044177,-0.8062951527745637,-0.026968436183673214,0.44704165407948937,0.20808378944720177,-0.5922090464967278,-0.7673820807324381,1.1273775608385925,1.7860479391140436,0.0,1.0,1.0,0.0,0.0,1.0,0.0,0.0,0.0,0.0,0.0,0.0,1.0,1.0,1.0,0.0,0.0,0.0,0.0,0.0,0.0,0.0,0.0,0.0,0.0,0.0,0.0,0.0,0.0,0.0,0.0,0.0,0.0,0.0,0.0,0.0,0.0,0.0,0.0,0.0,0.0,0.0,0.0,0.0,0.0
1.1681451761879007,0.09540326478634993,0.0,-0.24586094668233674,-0.4823291141675545,-0.03019062812789191,-2.5808501761161327,-2.3583074156066544,-0.632854799438796,4.207515405960913,2.3032618847013424,-1.9435006921888218,2.240414211971039,0.369306851865537,-0.6645700766236461,-1.9383094360711097,1.9015214085022967,-1.7444673950521628,-1.9251037583299586,-2.547058402947214,0.3517690215731193,1.6737818204906725,4.24886155753197,-2.362258719508319,1.6110744477137657,0.09235215143337659,-1.265510976182395,-1.6265562763850243,0.8817690312147977,-1.0402345385766776,0.0,1.0,1.0,0.0,1.0,0.0,0.0,0.0,0.0,0.0,0.0,0.0,1.0,1.0,1.0,0.0,0.0,0.0,0.0,0.0,0.0,0.0,0.0,0.0,0.0,1.0,1.0,0.0,1.0,0.0,0.0,0.0,1.0,1.0,1.0,0.0,0.0,0.0,0.0,0.0,0.0,0.0,0.0,0.0,0.0
0.022695391994507527,2.0472602230382306,0.0,4.266410545369961,-0.4823291141675545,0.07684887159827036,-0.04902025488516416,0.1965256179672215,-0.7268284546127107,-0.7719138757287567,-0.02373098792009076,0.00046356699361352186,-0.6403875606459751,-0.0988857018751302,-0.4781512314640194,-0.21413967397792,0.28394905947655463,-0.2842620343677414,0.5277083809204405,0.8702334250156418,-1.429600592056556,-0.15946446067952383,-1.01337386138953,0.7679418190399663,-0.715697769784083,0.7635956519135626,0.046321422031463826,0.0917921149201483,-0.3260172433269582,0.40940850348609076,0.0,1.0,1.0,0.0,1.0,0.0,0.0,0.0,0.0,0.0,0.0,0.0,1.0,1.0,0.0,0.0,1.0,0.0,0.0,0.0,0.0,0.0,0.0,0.0,0.0,0.0,0.0,0.0,1.0,2.0,0.0,0.0,1.0,1.0,0.0,0.0,0.0,2.0,0.0,0.0,0.0,0.0,0.0,0.0,0.0
-1.2268861907619215,-0.6365430945581054,0.0,-0.24586094668233674,-0.4823291141675545,-0.6724276264848655,0.519349727431985,0.49212613424849644,-2.4938544493358936,-0.2397611280672653,-0.48207806889097915,0.08442419231139194,-0.6415011291703727,-0.7314107413658328,-0.3127796752740291,1.7255513083769185,-1.1623301477855443,4.3657123181030375,0.9876106570298903,0.5285042422193562,0.5943124815524458,-0.5887689695611521,-0.6479408461866482,1.040636979481117,-0.13368137296694454,-0.6086509131075072,0.38771394975940854,1.523749107674459,-0.5488373526763809,-0.08075856829052878,0.0,1.0,1.0,0.0,1.0,0.0,0.0,0.0,0.0,0.0,0.0,0.0,1.0,1.0,1.0,0.0,0.0,0.0,0.0,0.0,0.0,0.0,0.0,0.0,0.0,0.0,0.0,0.0,0.0,0.0,0.0,0.0,0.0,0.0,0.0,0.0,0.0,0.0,0.0,0.0,0.0,0.0,0.0,0.0,0.0
-1.435149787887993,-0.14857885499513518,0.0,-0.24586094668233674,-0.4823291141675545,0.07684887159827036,-0.10069025327763853,-0.6269329631020443,0.9229312695515701,0.8055389119820927,0.6814183674197375,-0.7012511482535141,-0.38983464265647844,1.1931397096727905,-0.17446891918785445,-0.10637906384709565,-1.3300914721932362,-1.2766346095901637,0.8343098983267403,-0.2628686021509894,-0.7427338188377911,0.060989206043474464,0.20473618928674298,-0.0061107326938398794,-0.13368137296694454,0.02787309596853115,-0.5700817530328796,0.3781835134710104,-1.3059193151249868,-0.41448934056397185,0.0,1.0,1.0,0.0,0.0,0.0,0.0,0.0,0.0,1.0,0.0,0.0,1.0,1.0,1.0,0.0,0.0,0.0,0.0,0.0,0.0,0.0,0.0,0.0,0.0,0.0,0.0,0.0,0.0,0.0,0.0,0.0,1.0,1.0,1.0,1.0,1.0,1.0,0.0,0.0,0.0,0.0,0.0,1.0,0.0
0.3350907876836148,0.8273496241308053,0.0,-0.24586094668233674,-0.4823291141675545,0.2909278710505949,0.2609997354696476,-0.5002470275529265,-0.35976896389066765,0.3874188959623495,0.29358622198283196,-0.03569465850820373,-0.014562049934432041,0.9215260162444298,-1.704907502837045,-0.21413967397792,-0.5407302931380977,-0.3693225408153776,-0.08549465389215931,-0.4427260667806134,1.1242393689022347,0.29304569733084107,0.36309049587465847,-0.8226511989439725,-0.13497474273764906,-0.30940196338604503,-0.19391776414746031,-0.7673820807324381,0.17786004940639452,-0.3310566474956111,0.0,1.0,1.0,0.0,0.0,0.0,1.0,0.0,0.0,0.0,0.0,0.0,1.0,1.0,1.0,0.0,0.0,0.0,0.0,1.0,1.0,0.0,0.0,0.0,0.0,2.0,1.0,0.0,0.0,0.0,0.0,0.0,0.0,0.0,0.0,0.0,1.0,0.0,1.0,1.0,1.0,0.0,0.0,0.0,0.0
0.647486183372722,-0.6365430945581054,0.0,-0.24586094668233674,-0.4823291141675545,-0.6724276264848655,0.6226897242169223,0.7243836827552125,0.7735372536340647,-0.9429629731913789,-0.4115631333569963,1.1379155421016207,-0.8920540471598695,-0.2207397903652508,0.2915781937112117,0.8634664273303235,-0.6431529964606884,0.013449738198985314,-1.4652014822205088,1.2119626078119274,0.21928729973567204,-0.8208254608485187,-0.6479408461866482,0.3005747593603726,-0.13497474273764906,-0.9211263357448352,0.09057600895916047,0.3781835134710104,-1.5844444518117649,-0.8003655460051404,1.0,0.0,1.0,0.0,1.0,0.0,0.0,0.0,0.0,0.0,0.0,0.0,1.0,1.0,1.0,0.0,0.0,0.0,0.0,0.0,0.0,0.0,0.0,0.0,0.0,0.0,0.0,0.0,0.0,0.0,0.0,0.0,0.0,0.0,0.0,0.0,0.0,0.0,0.0,0.0,0.0,0.0,0.0,0.0,0.0
0.8557497804987936,-0.3925609747766203,0.0,-0.24586094668233674,-0.4823291141675545,-0.1372301278540542,0.3643397322545849,0.5343547794315358,1.0867827708804474,-0.6388756888133839,-0.4997068027744748,1.6686447503147317,1.989861293981542,2.3673418295508744,1.1815778415700733,0.001381546283728704,0.14267636523849844,-0.7662715709043465,0.6810091396235903,1.3198770865897018,-0.90782642605061,-1.1573073732152002,-0.660121946693411,1.3704976976351444,-0.7169911395547874,1.2860413320902588,0.8365819028831863,1.523749107674459,-0.7488690417514303,-0.7273619395703248,0.0,1.0,1.0,0.0,1.0,0.0,0.0,0.0,0.0,0.0,0.0,0.0,1.0,1.0,1.0,0.0,0.0,0.0,0.0,0.0,0.0,0.0,0.0,0.0,1.0,1.0,1.0,0.0,0.0,0.0,0.0,0.0,0.0,0.0,0.0,0.0,0.0,0.0,0.0,0.0,1.0,1.0,0.0,0.0,0.0
0.3350907876836148,-0.3925609747766203,0.0,-0.24586094668233674,2.411645570837772,0.6120463702290817,-0.4107102436324503,-1.0703337375239568,-1.203122279554005,0.045320701037105074,0.7871907707207118,0.5115815342565865,-0.1403952931913792,-0.5676983782035334,-0.20152971929167113,0.10914215641455306,-0.13810311455963797,-0.27008528329313536,0.22110686351414055,-0.1909256162991398,1.772380715737746,-0.4843435484818371,0.3265471943543703,0.4442611611792227,1.0303514206673328,1.4893983531716946,-0.06747608721118403,0.3781835134710104,-0.9843493845866154,-0.5813547267006934,0.0,1.0,1.0,0.0,1.0,0.0,0.0,0.0,0.0,0.0,0.0,0.0,1.0,1.0,1.0,0.0,0.0,0.0,0.0,0.0,1.0,0.0,1.0,0.0,0.0,1.0,1.0,0.0,1.0,0.0,0.0,0.0,2.0,1.0,0.0,0.0,0.0,1.0,0.0,1.0,0.0,1.0,0.0,1.0,0.0
0.9598815790618292,-0.6365430945581054,0.0,-0.24586094668233674,-0.4823291141675545,-0.6724276264848655,-0.20403025006257577,1.041098521628007,0.6112921395731179,-0.35379385970901345,-1.1695986903473117,0.6623429490607728,-0.38983464265647844,0.09056174867821261,-0.05720545207131512,-0.6451821145012174,0.9956102567007623,-0.8513320773519827,-0.3154457919468927,2.0572926915711602,-0.14758516073725886,-0.7047972152048354,-1.293539173045073,0.07036751343554828,-0.715697769784083,0.5552787034886772,-0.171790470683612,0.9509663105727346,0.17026390931493757,-0.6856455930361444,0.0,1.0,1.0,0.0,1.0,0.0,0.0,0.0,0.0,0.0,0.0,0.0,1.0,1.0,1.0,0.0,0.0,0.0,0.0,0.0,0.0,0.0,0.0,0.0,0.0,0.0,0.0,0.0,0.0,0.0,0.0,0.0,0.0,0.0,0.0,0.0,0.0,0.0,0.0,0.0,0.0,0.0,0.0,0.0,0.0
0.647486183372722,-0.6365430945581054,0.0,-0.24586094668233674,-0.4823291141675545,-0.6724276264848655,0.4676797290395221,0.1965256179672215,-1.1388667888367985,-0.7339029651815073,0.011526479846900653,0.6390546004324837,-0.39094821118087597,-1.0696876129758117,-0.9622388777656307,0.001381546283728704,0.11442182639088722,-0.6812110644567103,0.45105800156885695,0.2227465523489954,-0.2902577842545097,-0.6699887415117304,0.09510628472587841,0.15379832739488053,-1.2977141666012213,-1.7709272205892086,-0.766066352284107,0.9509663105727346,-1.2324899609075632,-1.2383871846140344,0.0,1.0,1.0,0.0,1.0,0.0,0.0,0.0,0.0,0.0,0.0,0.0,1.0,1.0,1.0,0.0,0.0,0.0,0.0,0.0,0.0,0.0,0.0,0.0,0.0,0.0,0.0,0.0,0.0,0.0,0.0,0.0,0.0,0.0,0.0,0.0,0.0,0.0,0.0,0.0,0.0,0.0,0.0,0.0,0.0
0.23095898912057902,-0.3925609747766203,0.0,-0.24586094668233674,2.411645570837772,1.6824413674907046,0.6743597226093966,0.2809829083333001,1.348623895553064,0.12134252213160385,-0.605479206075449,-0.24345124232372883,-0.890940478635472,0.020177834970178513,-0.7066646545629167,0.6479452070686749,-0.5495598365279764,0.42457551936256027,1.0642610363814566,-0.011068151669515795,1.2383774677160353,0.6991445570837327,-0.7088463487204618,-0.36300921463098373,-0.13368137296694454,-1.3361069234801226,-0.9336015742246725,-0.19459928363071383,1.0767366268955423,1.6817570727785927,1.0,0.0,1.0,0.0,1.0,0.0,0.0,0.0,0.0,0.0,0.0,0.0,1.0,1.0,1.0,0.0,0.0,0.0,1.0,1.0,0.0,0.0,0.0,0.0,0.0,1.0,1.0,1.0,0.0,1.0,1.0,2.0,1.0,2.0,0.0,1.0,1.0,2.0,1.0,2.0,0.0,1.0,0.0,1.0,1.0
-2.0599405792662075,1.8032781032567455,0.0,-0.24586094668233674,-0.4823291141675545,-0.6724276264848655,0.3126697338621105,-0.37356109200380866,-0.4898863325930111,-0.562853867718885,0.5227597624682762,0.5655124468694663,0.11015762479811757,-0.6101767754634482,0.14725392649085564,0.32466337667620176,-0.5054121195785838,-1.1065135966948914,0.45105800156885695,-0.514669052632463,-2.711616023375853,0.571513486875681,-0.08761022287556255,0.09431524707202295,0.44704165407948937,0.3221621183465437,0.574215423240415,-0.7673820807324381,1.9654850175960799,-0.2789112143278856,0.0,1.0,1.0,0.0,0.0,0.0,0.0,0.0,0.0,0.0,0.0,1.0,1.0,1.0,1.0,0.0,0.0,0.0,0.0,0.0,0.0,0.0,0.0,0.0,0.0,0.0,0.0,0.0,0.0,0.0,0.0,0.0,0.0,0.0,0.0,0.0,0.0,0.0,0.0,0.0,0.0,0.0,0.0,0.0,0.0
-0.18556820513156397,-0.3925609747766203,0.0,-0.24586094668233674,1.2540556968356416,-0.03019062812789191,-0.2557002484550387,-0.9225334793833192,-0.051342608448075706,0.3113970748678508,0.5227597624682762,-0.5333298976179569,1.2382025400130519,0.25458417313438014,-0.22257700826130647,-0.8607033347628662,0.5205808223252986,0.46710577258637836,0.3744076222172905,-1.3959706293176206,-0.22911237417568792,1.6157676976688307,0.9112400186789814,-0.6990499930782949,-0.13368137296694454,-1.141016447971103,-1.1928070119440364,-0.7673820807324381,0.26394963710958047,0.23211403071582412,0.0,1.0,1.0,0.0,1.0,0.0,0.0,0.0,0.0,0.0,0.0,0.0,1.0,1.0,1.0,0.0,0.0,0.0,0.0,1.0,0.0,0.0,0.0,0.0,0.0,0.0,0.0,0.0,0.0,0.0,0.0,0.0,1.0,0.0,1.0,0.0,0.0,0.0,0.0,0.0,0.0,1.0,1.0,0.0,1.0
0.23095898912057902,-0.3925609747766203,0.0,-0.24586094668233674,1.8328506338367068,1.3613228683122178,-0.04902025488516416,-2.442764705972733,0.09965779473736,3.998455397951041,0.6109034318857547,-0.2875765344615394,0.8618163787666074,1.3850676505770771,1.608537132096959,-1.0762245550245149,0.4181581190027082,3.387516493955221,-0.3920961712984592,-0.694526517262087,0.5270525304657417,0.5251021886182077,-0.0632480218620371,0.2866696237004839,-0.7169911395547874,-1.5510371083629406,2.2179572234119975,-0.19459928363071383,1.2666401291819818,0.5136993698215417,0.0,1.0,1.0,0.0,1.0,0.0,0.0,0.0,0.0,0.0,0.0,0.0,1.0,1.0,1.0,0.0,0.0,0.0,0.0,2.0,0.0,0.0,0.0,0.0,0.0,0.0,0.0,2.0,0.0,0.0,2.0,2.0,1.0,1.0,0.0,1.0,0.0,0.0,1.0,2.0,0.0,3.0,0.0,0.0,2.0
-0.602095399383707,-0.3925609747766203,0.0,-0.24586094668233674,2.411645570837772,3.930270861740112,0.8293697177867968,0.40766884388241786,0.9373887549629416,0.14034797740522853,-0.5349642705414662,0.2051558944106793,0.11015762479811757,-0.2790313136124333,0.0390107260755889,0.001381546283728704,0.41992402768068354,0.0985102446466215,0.06780610481099063,-0.6225835314102374,1.1405448115899206,1.1516547150940974,-0.17287792642290167,-0.5499560385028213,0.44833502385019386,-0.9988318641255464,-0.6427857172712381,-1.3401648778341622,2.525067337666788,-0.2893403009614307,0.0,1.0,0.0,1.0,0.0,0.0,0.0,0.0,0.0,0.0,1.0,0.0,1.0,1.0,0.0,0.0,0.0,1.0,1.0,2.0,0.0,1.0,0.0,0.0,0.0,0.0,1.0,3.0,2.0,2.0,1.0,1.0,2.0,3.0,2.0,3.0,3.0,3.0,2.0,2.0,1.0,3.0,1.0,1.0,3.0
1.3764087733139723,-0.6365430945581054,0.0,-0.24586094668233674,-0.4823291141675545,-0.6724276264848655,0.519349727431985,0.32321155351633934,0.14865260640923003,-0.04970657533101838,-0.4468206011239877,-0.20790586810160328,-0.1403952931913792,-0.11810950209494563,0.24347010463775967,-0.4296608942395687,0.7713398545978484,-0.53944355371065,0.9109602776783068,1.0860623825711906,-0.08440157032247632,-0.6815915660760987,-0.74538965024075,0.6443406131742886,-0.7169911395547874,0.7470625607687303,0.33713727898489826,-0.19459928363071383,0.42853267242449533,-0.8316528059057757,1.0,0.0,1.0,0.0,1.0,0.0,0.0,0.0,0.0,0.0,0.0,0.0,1.0,1.0,1.0,0.0,0.0,0.0,0.0,0.0,0.0,0.0,0.0,0.0,0.0,0.0,0.0,0.0,0.0,0.0,0.0,0.0,0.0,0.0,0.0,0.0,0.0,0.0,0.0,0.0,0.0,0.0,0.0,0.0,0.0
-0.602095399383707,-0.6365430945581054,0.0,-0.24586094668233674,-0.4823291141675545,-0.6724276264848655,-2.2191601873688467,0.048725359826584054,0.6426166912977562,-0.7148975099078826,0.8577057062546946,-0.850174009218625,-1.1414933966249687,0.2890009767537272,1.6325911766336854,1.5100300881152697,-2.2307048979608437,-0.12831777254707502,-3.304810586658308,0.2767037917378826,0.18260005368837892,-1.110896074957727,0.46053929992876036,-1.7419351675699495,-0.715697769784083,0.3271220456899933,1.1273977598366207,0.3781835134710104,-1.964251456384644,-0.6230710732348738,0.0,1.0,1.0,0.0,1.0,0.0,0.0,0.0,0.0,0.0,0.0,0.0,1.0,1.0,1.0,0.0,0.0,0.0,0.0,0.0,0.0,0.0,0.0,0.0,0.0,0.0,0.0,0.0,0.0,0.0,0.0,0.0,0.0,0.0,0.0,0.0,0.0,0.0,0.0,0.0,0.0,0.0,0.0,0.0,0.0
0.022695391994507527,-0.6365430945581054,0.0,-0.24586094668233674,-0.4823291141675545,-0.6724276264848655,-0.4107102436324503,0.7032693601636928,0.18238673903576352,-0.6198702335397591,-0.05898845568708217,-0.677962799625225,-0.7662208039029224,-1.3099851157235052,0.697490195268462,-0.21413967397792,-0.39062805551016316,-0.6953878155313163,-1.0819495854626424,-0.3707830809287638,2.5509656040747437,-1.0760876012646219,0.8503345161451678,-0.6418844353654187,-0.13497474273764906,-1.1079502656814388,-0.5827259207265068,0.3781835134710104,-2.1566870053682363,-1.0506636252102228,0.0,1.0,1.0,0.0,1.0,0.0,0.0,0.0,0.0,0.0,0.0,0.0,1.0,1.0,1.0,0.0,0.0,0.0,0.0,0.0,0.0,0.0,0.0,0.0,0.0,0.0,0.0,0.0,0.0,0.0,0.0,0.0,0.0,0.0,0.0,0.0,0.0,0.0,0.0,0.0,0.0,0.0,0.0,0.0,0.0
0.9598815790618292,-0.6365430945581054,0.0,-0.24586094668233674,-0.4823291141675545,-0.6724276264848655,-0.04902025488516416,1.1677844571771248,1.8401783995396954,-0.8669411520968802,-0.8875389482113804,1.0380207835118553,2.3662474552279864,0.0688574581074532,0.4719835277366559,0.7557058171994993,1.8467782394850503,-0.22755503006931724,0.6043587602720069,1.3198770865897018,-0.3880904403806246,-1.0644847767002537,-0.6966652482136991,0.928623386665347,-0.7169911395547874,-0.2449229079211996,0.15695788935070543,0.3781835134710104,-0.3614658970870937,-0.7795073727380503,0.0,1.0,1.0,0.0,1.0,0.0,0.0,0.0,0.0,0.0,0.0,0.0,1.0,1.0,1.0,0.0,0.0,0.0,0.0,0.0,0.0,0.0,0.0,0.0,0.0,0.0,0.0,0.0,0.0,0.0,0.0,0.0,0.0,0.0,0.0,0.0,0.0,0.0,0.0,0.0,0.0,0.0,0.0,0.0,0.0
-1.5392815864510287,1.8032781032567455,0.0,-0.24586094668233674,-0.4823291141675545,-0.6724276264848655,-3.4075701503956193,-0.2046465112716516,-0.12684281004079348,-0.37279931498263813,0.4522448269342933,-1.9085681692463885,1.3640357832699994,0.991909929952464,1.2477264640460695,-0.6451821145012174,-0.644918905138664,-1.2908113606647698,-0.6220473093531926,-0.5506405455583878,-0.2902577842545097,-0.5655633204324154,0.46053929992876036,-0.5731312646026355,1.0303514206673328,0.5007195027107311,-0.19075672222405293,-0.7673820807324381,-0.5083246055219404,-0.748220112837415,0.0,1.0,1.0,0.0,1.0,0.0,0.0,0.0,0.0,0.0,0.0,0.0,1.0,1.0,1.0,0.0,0.0,0.0,0.0,0.0,0.0,0.0,0.0,0.0,0.0,0.0,0.0,0.0,0.0,0.0,0.0,0.0,0.0,0.0,0.0,0.0,0.0,0.0,0.0,0.0,0.0,0.0,0.0,0.0,0.0
-2.1640723778292434,-0.6365430945581054,0.0,-0.24586094668233674,-0.4823291141675545,-0.6724276264848655,-0.10069025327763853,-0.31021812422924977,1.2715173066924161,-0.5438484124452604,0.5403884963517719,-1.7725151851548058,-0.13928172466698166,0.3835696713834646,0.036003970508497685,-0.6451821145012174,-0.38886214683218717,-0.8938623305758008,-0.008844274540592854,-1.2700704040768838,-1.6374949863245503,0.2698400482021044,1.0330510237466086,-1.4537898563955887,-0.13497474273764906,1.0297784193453603,-0.2192060995347149,-0.7673820807324381,0.615904128013782,0.2946885505170947,0.0,1.0,1.0,0.0,1.0,0.0,0.0,0.0,0.0,0.0,0.0,0.0,1.0,1.0,1.0,0.0,0.0,0.0,0.0,0.0,0.0,0.0,0.0,0.0,0.0,0.0,0.0,0.0,0.0,0.0,0.0,0.0,0.0,0.0,0.0,0.0,0.0,0.0,0.0,0.0,0.0,0.0,0.0,0.0,0.0
1.1681451761879007,-0.6365430945581054,0.0,-0.24586094668233674,-0.4823291141675545,-0.6724276264848655,-1.3924402130893485,-0.1624178660886123,0.16792925362439204,-0.33478840443538876,0.04678394761389207,-1.0959273723750425,2.1156945372384897,1.287088281714792,-0.21656349712712508,-0.6451821145012174,-0.5001143935446565,-0.22755503006931724,0.22110686351414055,1.014119396719341,-0.6938174907747338,-0.4147266010956271,-0.9768305598692419,2.139915204148987,-1.2977141666012213,0.2510698264237654,0.536282920159532,-0.7673820807324381,1.881927476590046,-0.0181840484892582,0.0,1.0,1.0,0.0,1.0,0.0,0.0,0.0,0.0,0.0,0.0,0.0,1.0,1.0,1.0,0.0,0.0,0.0,0.0,0.0,0.0,0.0,0.0,0.0,0.0,0.0,0.0,0.0,0.0,0.0,0.0,0.0,0.0,0.0,0.0,0.0,0.0,0.0,0.0,0.0,0.0,0.0,0.0,0.0,0.0
0.23095898912057902,-0.6365430945581054,0.0,-0.24586094668233674,-0.4823291141675545,-0.6724276264848655,0.4676797290395221,-0.24687515645469085,0.745425476445287,-0.16373930697276654,-0.18238959287155213,1.3297379926451591,-0.13928172466698166,1.4728149967417188,-0.631495765385648,1.7255513083769185,-1.5649573263640044,2.480204425180435,0.6810091396235903,-1.8815857838176053,-1.5294714285186317,2.6136106102045074,0.42399599840847213,-0.31820377750467577,1.6110744477137657,-2.3148659192541867,-1.0663653350077613,-0.19459928363071383,-0.7792536021172609,3.861436179189518,0.0,1.0,1.0,0.0,1.0,0.0,0.0,0.0,0.0,0.0,0.0,0.0,1.0,1.0,1.0,0.0,0.0,0.0,0.0,0.0,0.0,0.0,0.0,0.0,0.0,0.0,0.0,0.0,0.0,0.0,0.0,0.0,0.0,0.0,0.0,0.0,0.0,0.0,0.0,0.0,0.0,0.0,0.0,0.0,0.0
-1.2268861907619215,-0.6365430945581054,0.0,-0.24586094668233674,-0.4823291141675545,-0.6724276264848655,0.054319741899773094,-1.3237056086221923,-0.3404923166755056,0.08333161158435447,1.1750229161576173,-1.0199338136932574,-0.13928172466698166,0.4158160459457357,-1.8101439476852217,-0.4296608942395687,-0.14516674927154063,0.3536917639895301,0.8343098983267403,-0.0830111375213654,-0.38401407970870316,0.0029750832216328123,-0.03888582084851164,-0.05400619996678975,-0.13368137296694454,1.9076855591359485,-2.213823553204462,-0.19459928363071383,-0.8805354700033622,-0.22676578116016013,0.0,1.0,1.0,0.0,1.0,0.0,0.0,0.0,0.0,0.0,0.0,0.0,1.0,1.0,1.0,0.0,0.0,0.0,0.0,0.0,0.0,0.0,0.0,0.0,0.0,0.0,0.0,0.0,0.0,0.0,0.0,0.0,0.0,0.0,0.0,0.0,0.0,0.0,0.0,0.0,0.0,0.0,0.0,0.0,0.0
0.43922258624665056,-0.3925609747766203,0.0,4.266410545369961,1.8328506338367068,0.18388837132443264,0.5710197258244594,0.15429697278418225,0.571935651508829,-0.2207556727936406,-0.3057907300560221,0.8952264353436626,1.1123692967561043,0.9360988970562256,-0.09027976330931317,-0.10637906384709565,0.8755284665984148,-0.8088018241281646,0.22110686351414055,-0.1369683769102526,0.3028526935100618,-0.47274072391746874,0.08292518421911567,1.0692197583375553,0.44704165407948937,-1.1889624122911162,-0.20972297376449386,-0.19459928363071383,1.1071211872613729,0.19039768418164374,0.0,1.0,1.0,0.0,1.0,0.0,0.0,0.0,0.0,0.0,0.0,0.0,1.0,1.0,0.0,0.0,1.0,0.0,1.0,1.0,1.0,1.0,0.0,0.0,0.0,1.0,1.0,0.0,0.0,0.0,0.0,0.0,0.0,0.0,0.0,0.0,0.0,1.0,0.0,0.0,0.0,0.0,1.0,0.0,0.0
0.12682719055754327,0.5833675043493202,0.0,0.8822069263307377,-0.4823291141675545,-0.458348627032541,1.1393897081416084,2.5824440708089407,0.4072809565459869,-1.0379902495595024,-1.2048561581143031,2.5922116288102965,-0.39094821118087597,0.7435508335642027,1.6506317100362295,1.941072528638567,-1.3318573808712117,-0.9363925837996189,1.4475129331393402,0.4565612563675066,0.048080151514970915,-0.8904424082347286,-0.35559443402434265,2.0132239681366673,-0.7169911395547874,-0.942619354233117,0.9756677475130899,2.096531904776183,-0.7058242478998374,0.20082677081518882,1.0,0.0,1.0,0.0,1.0,0.0,0.0,0.0,0.0,0.0,0.0,0.0,1.0,1.0,0.0,0.0,1.0,0.0,0.0,0.0,0.0,0.0,0.0,0.0,0.0,0.0,1.0,0.0,0.0,0.0,0.0,0.0,0.0,0.0,0.0,0.0,0.0,1.0,0.0,0.0,0.0,0.0,0.0,0.0,0.0
0.23095898912057902,0.5833675043493202,0.0,-0.24586094668233674,-0.4823291141675545,0.3979673707767572,-0.2557002484550387,-0.5213613501444462,-2.259321908218089,0.27338616432060137,0.29358622198283196,-0.6197419280545029,0.23599086805506472,-1.0126363349041012,0.8297874402204553,-0.8607033347628662,0.7801693979877264,0.2686312575418939,0.22110686351414055,-0.3168258415398766,-0.23726509551953084,-0.3799181274025221,0.08292518421911567,-0.41399471205057603,-0.715697769784083,0.5172525938555632,0.7670389805682352,-0.19459928363071383,0.14747548904056484,-0.6543583331355091,0.0,1.0,1.0,0.0,1.0,0.0,0.0,0.0,0.0,0.0,0.0,0.0,1.0,1.0,0.0,1.0,0.0,0.0,0.0,0.0,1.0,1.0,0.0,0.0,0.0,1.0,2.0,0.0,0.0,0.0,0.0,0.0,1.0,1.0,1.0,1.0,0.0,0.0,0.0,0.0,0.0,1.0,0.0,0.0,0.0
0.3350907876836148,-0.6365430945581054,0.0,-0.24586094668233674,-0.4823291141675545,-0.6724276264848655,0.41600973064704777,1.44227065086688,-0.21198133524109233,-0.9239575179177543,-0.9756826176288589,0.3792056578431548,-0.38983464265647844,-1.504703608272604,-0.18649594145621717,0.2169027665453774,0.46230583595210073,-1.1348670988441034,0.8343098983267403,1.0500908896452659,-0.7712683435412413,-0.797619811719782,-0.6723030472001736,0.8699128138791503,0.44704165407948937,0.059285969143712265,0.8112935674959317,0.9509663105727346,-1.2603424745762413,-0.4979220336323327,1.0,0.0,1.0,0.0,1.0,0.0,0.0,0.0,0.0,0.0,0.0,0.0,1.0,1.0,1.0,0.0,0.0,0.0,0.0,0.0,0.0,0.0,0.0,0.0,0.0,0.0,0.0,0.0,0.0,0.0,0.0,0.0,0.0,0.0,0.0,0.0,0.0,0.0,0.0,0.0,0.0,0.0,0.0,0.0,0.0
0.9598815790618292,-0.026587795104392624,0.0,-0.24586094668233674,1.8328506338367068,2.003559866669191,0.6226897242169223,0.4287831664739375,0.9968250838763579,-0.25876658334089,-0.5349642705414662,0.3338546631459604,-0.39094821118087597,-0.007727681477940682,-0.727711943532552,0.001381546283728704,-0.2882053521875722,0.9491153091229835,0.6043587602720069,-0.1189826304472902,1.2811792547712106,1.0124208203216776,-0.7088463487204618,-0.04628112460018534,1.0290580508966274,-1.2286418310387135,-0.6364636334244245,-0.4809906821815759,0.6437566416824597,0.6909938425918084,1.0,0.0,1.0,0.0,1.0,0.0,0.0,0.0,0.0,0.0,0.0,0.0,1.0,1.0,1.0,0.0,0.0,0.0,0.0,1.0,1.0,0.0,0.0,0.0,1.0,1.0,1.0,1.0,2.0,0.0,1.0,1.0,2.0,1.0,2.0,1.0,3.0,1.0,2.0,1.0,0.0,0.0,1.0,0.0,1.0
0.8557497804987936,-0.6365430945581054,0.0,-0.24586094668233674,-0.4823291141675545,-0.6724276264848655,0.41600973064704777,0.6821550375721731,0.23620071251142408,-0.5248429571716356,-0.3763056655900049,-0.5737780820776168,-0.7662208039029224,-0.9943427185658898,-7.709629659052128e-05,-0.4296608942395687,0.46936947066400336,-0.3834992918899836,-0.008844274540592854,0.5464899886823186,0.36603628392484433,-0.902045232799097,0.02201968168530202,-0.24095302383862724,-0.715697769784083,-1.3559466328539211,-0.7344559330500376,-0.19459928363071383,0.686801435534053,-0.8003655460051404,1.0,0.0,1.0,0.0,1.0,0.0,0.0,0.0,0.0,0.0,0.0,0.0,1.0,1.0,1.0,0.0,0.0,0.0,0.0,0.0,0.0,0.0,0.0,0.0,0.0,0.0,0.0,0.0,0.0,0.0,0.0,0.0,0.0,0.0,0.0,0.0,0.0,0.0,0.0,0.0,0.0,0.0,0.0,0.0,0.0
-1.1227543921988858,-0.6365430945581054,0.0,-0.24586094668233674,-0.4823291141675545,-0.6724276264848655,0.3643397322545849,0.576583424614575,0.25065819792279553,-0.505837501898011,-0.6231079399589448,0.1310008895679697,-0.6403875606459751,-1.132319994337146,1.527354731785509,-0.4296608942395687,0.5735580826645698,-0.5110900515614379,0.3744076222172905,-0.9103554748176358,1.3728973698894433,-0.02023056590710385,0.22909839030026843,1.4407958834712482,-0.13368137296694454,0.7520224881121801,0.8302598190363727,-0.7673820807324381,2.112343726030926,-1.0089472786760423,0.0,1.0,1.0,0.0,1.0,0.0,0.0,0.0,0.0,0.0,0.0,0.0,1.0,1.0,1.0,0.0,0.0,0.0,0.0,0.0,0.0,0.0,0.0,0.0,0.0,0.0,0.0,0.0,0.0,0.0,0.0,0.0,0.0,0.0,0.0,0.0,0.0,0.0,0.0,0.0,0.0,0.0,0.0,0.0,0.0
